2025-03-31T18:35:07.625Z,xhr,,,,,http://localhost:5000/socket.io/?EIO=4&transport=polling&t=esp8phg0,GET,200
2025-03-31T18:35:07.628Z,xhr,,,,,http://localhost:5000/socket.io/?EIO=4&transport=polling&t=esp8pr3y,GET,200
2025-03-31T18:35:07.636Z,xhr,,,,,http://localhost:5000/socket.io/?EIO=4&transport=polling&t=esp8pr3y,GET,200
2025-03-31T18:35:07.637Z,xhr,,,,,http://localhost:5000/socket.io/?EIO=4&transport=polling&t=esp8pr3y,GET,200
2025-03-31T18:35:07.638Z,xhr,,,,,http://localhost:5000/socket.io/?EIO=4&transport=polling&t=esp8pr3y,GET,200
2025-03-31T18:35:07.639Z,xhr,,,,,http://localhost:5000/socket.io/?EIO=4&transport=polling&t=esp8pr3y,GET,200
2025-03-31T18:35:07.639Z,xhr,,,,,http://localhost:5000/socket.io/?EIO=4&transport=polling&t=esp8pr3y,GET,200
2025-03-31T18:35:07.641Z,xhr,,,,,http://localhost:5000/socket.io/?EIO=4&transport=polling&t=esp8pr3y,GET,200
2025-03-31T18:35:07.642Z,xhr,,,,,http://localhost:5000/socket.io/?EIO=4&transport=polling&t=esp8pr3y,GET,200
2025-03-31T18:35:07.642Z,xhr,,,,,http://localhost:5000/socket.io/?EIO=4&transport=polling&t=esp8pr3y,GET,200
2025-03-31T18:35:07.640Z,xhr,,,,,http://localhost:5000/socket.io/?EIO=4&transport=polling&t=esp8pr3y,GET,200
2025-03-31T18:35:07.643Z,xhr,,,,,http://localhost:5000/socket.io/?EIO=4&transport=polling&t=esp8pr3y,GET,200
2025-03-31T18:35:07.643Z,xhr,,,,,http://localhost:5000/socket.io/?EIO=4&transport=polling&t=esp8pr3y,GET,200
2025-03-31T18:35:07.645Z,xhr,,,,,http://localhost:5000/socket.io/?EIO=4&transport=polling&t=esp8pr3y,GET,200
2025-03-31T18:35:07.644Z,xhr,,,,,http://localhost:5000/socket.io/?EIO=4&transport=polling&t=esp8pr3y,GET,200
2025-03-31T18:35:07.644Z,xhr,,,,,http://localhost:5000/socket.io/?EIO=4&transport=polling&t=esp8pr3y,GET,200
2025-03-31T18:35:07.645Z,xhr,,,,,http://localhost:5000/socket.io/?EIO=4&transport=polling&t=esp8pr3y,GET,200
2025-03-31T18:35:07.646Z,xhr,,,,,http://localhost:5000/socket.io/?EIO=4&transport=polling&t=esp8pr3y,GET,200
2025-03-31T18:35:07.647Z,xhr,,,,,http://localhost:5000/socket.io/?EIO=4&transport=polling&t=esp8pr3y,GET,200
2025-03-31T18:35:07.647Z,xhr,,,,,http://localhost:5000/socket.io/?EIO=4&transport=polling&t=esp8pr3y,GET,200
2025-03-31T18:35:07.647Z,xhr,,,,,http://localhost:5000/socket.io/?EIO=4&transport=polling&t=esp8pr3y,GET,200
2025-03-31T18:35:07.646Z,xhr,,,,,http://localhost:5000/socket.io/?EIO=4&transport=polling&t=esp8pr3y,GET,200
2025-03-31T18:35:07.648Z,xhr,,,,,http://localhost:5000/socket.io/?EIO=4&transport=polling&t=esp8pr3y,GET,200
2025-03-31T18:35:07.649Z,xhr,,,,,http://localhost:5000/socket.io/?EIO=4&transport=polling&t=esq8p0ki&sid=vuvbasgt0hd4x4kLAAAB,POST,200
2025-03-31T18:35:07.649Z,xhr,,,,,http://localhost:5000/socket.io/?EIO=4&transport=polling&t=esq8p0ki&sid=vuvbasgt0hd4x4kLAAAB,POST,200
2025-03-31T18:35:07.648Z,xhr,,,,,http://localhost:5000/socket.io/?EIO=4&transport=polling&t=esp8pr3y,GET,200
2025-03-31T18:35:07.650Z,xhr,,,,,http://localhost:5000/socket.io/?EIO=4&transport=polling&t=esq8p0ki&sid=vuvbasgt0hd4x4kLAAAB,POST,200
2025-03-31T18:35:07.650Z,xhr,,,,,http://localhost:5000/socket.io/?EIO=4&transport=polling&t=esq8p0ki&sid=vuvbasgt0hd4x4kLAAAB,POST,200
2025-03-31T18:35:07.651Z,xhr,,,,,http://localhost:5000/socket.io/?EIO=4&transport=polling&t=esq8p0ki&sid=vuvbasgt0hd4x4kLAAAB,POST,200
2025-03-31T18:35:07.651Z,xhr,,,,,http://localhost:5000/socket.io/?EIO=4&transport=polling&t=esq8p0ki&sid=vuvbasgt0hd4x4kLAAAB,POST,200
2025-03-31T18:35:07.651Z,xhr,,,,,http://localhost:5000/socket.io/?EIO=4&transport=polling&t=esq8p0ki&sid=vuvbasgt0hd4x4kLAAAB,POST,200
2025-03-31T18:35:07.651Z,xhr,,,,,http://localhost:5000/socket.io/?EIO=4&transport=polling&t=esq8p0ki&sid=vuvbasgt0hd4x4kLAAAB,POST,200
2025-03-31T18:35:07.652Z,xhr,,,,,http://localhost:5000/socket.io/?EIO=4&transport=polling&t=esq8p0ki&sid=vuvbasgt0hd4x4kLAAAB,POST,200
2025-03-31T18:35:07.652Z,xhr,,,,,http://localhost:5000/socket.io/?EIO=4&transport=polling&t=esq8p0ki&sid=vuvbasgt0hd4x4kLAAAB,POST,200
2025-03-31T18:35:07.652Z,xhr,,,,,http://localhost:5000/socket.io/?EIO=4&transport=polling&t=esq8p0ki&sid=vuvbasgt0hd4x4kLAAAB,POST,200
2025-03-31T18:35:07.652Z,xhr,,,,,http://localhost:5000/socket.io/?EIO=4&transport=polling&t=esq8p0ki&sid=vuvbasgt0hd4x4kLAAAB,POST,200
2025-03-31T18:35:07.653Z,xhr,,,,,http://localhost:5000/socket.io/?EIO=4&transport=polling&t=esq8p0ki&sid=vuvbasgt0hd4x4kLAAAB,POST,200
2025-03-31T18:35:07.652Z,xhr,,,,,http://localhost:5000/socket.io/?EIO=4&transport=polling&t=esq8p0ki&sid=vuvbasgt0hd4x4kLAAAB,POST,200
2025-03-31T18:35:07.653Z,xhr,,,,,http://localhost:5000/socket.io/?EIO=4&transport=polling&t=esq8p0ki&sid=vuvbasgt0hd4x4kLAAAB,POST,200
2025-03-31T18:35:07.653Z,xhr,,,,,http://localhost:5000/socket.io/?EIO=4&transport=polling&t=esq8p0ki&sid=vuvbasgt0hd4x4kLAAAB,POST,200
2025-03-31T18:35:07.654Z,xhr,,,,,http://localhost:5000/socket.io/?EIO=4&transport=polling&t=esq8p0ki&sid=vuvbasgt0hd4x4kLAAAB,POST,200
2025-03-31T18:35:07.654Z,xhr,,,,,http://localhost:5000/socket.io/?EIO=4&transport=polling&t=esq8p0ki&sid=vuvbasgt0hd4x4kLAAAB,POST,200
2025-03-31T18:35:07.655Z,xhr,,,,,http://localhost:5000/socket.io/?EIO=4&transport=polling&t=esq8p0ki&sid=vuvbasgt0hd4x4kLAAAB,POST,200
2025-03-31T18:35:07.654Z,xhr,,,,,http://localhost:5000/socket.io/?EIO=4&transport=polling&t=esq8p0ki&sid=vuvbasgt0hd4x4kLAAAB,POST,200
2025-03-31T18:35:07.655Z,xhr,,,,,http://localhost:5000/socket.io/?EIO=4&transport=polling&t=esq8p0ki&sid=vuvbasgt0hd4x4kLAAAB,POST,200
2025-03-31T18:35:07.655Z,xhr,,,,,http://localhost:5000/socket.io/?EIO=4&transport=polling&t=esq8p0ki&sid=vuvbasgt0hd4x4kLAAAB,POST,200
2025-03-31T18:35:07.656Z,xhr,,,,,http://localhost:5000/socket.io/?EIO=4&transport=polling&t=esq8srzt&sid=vuvbasgt0hd4x4kLAAAB,GET,200
2025-03-31T18:35:07.655Z,xhr,,,,,http://localhost:5000/socket.io/?EIO=4&transport=polling&t=esq8p0ki&sid=vuvbasgt0hd4x4kLAAAB,POST,200
2025-03-31T18:35:07.658Z,xhr,,,,,http://localhost:5000/socket.io/?EIO=4&transport=polling&t=esq8srzt&sid=vuvbasgt0hd4x4kLAAAB,GET,200
2025-03-31T18:35:07.656Z,xhr,,,,,http://localhost:5000/socket.io/?EIO=4&transport=polling&t=esq8srzt&sid=vuvbasgt0hd4x4kLAAAB,GET,200
2025-03-31T18:35:07.657Z,xhr,,,,,http://localhost:5000/socket.io/?EIO=4&transport=polling&t=esq8srzt&sid=vuvbasgt0hd4x4kLAAAB,GET,200
2025-03-31T18:35:07.658Z,xhr,,,,,http://localhost:5000/socket.io/?EIO=4&transport=polling&t=esq8srzt&sid=vuvbasgt0hd4x4kLAAAB,GET,200
2025-03-31T18:35:07.659Z,xhr,,,,,http://localhost:5000/socket.io/?EIO=4&transport=polling&t=esq8srzt&sid=vuvbasgt0hd4x4kLAAAB,GET,200
2025-03-31T18:35:07.659Z,xhr,,,,,http://localhost:5000/socket.io/?EIO=4&transport=polling&t=esq8srzt&sid=vuvbasgt0hd4x4kLAAAB,GET,200
2025-03-31T18:35:07.659Z,xhr,,,,,http://localhost:5000/socket.io/?EIO=4&transport=polling&t=esq8srzt&sid=vuvbasgt0hd4x4kLAAAB,GET,200
2025-03-31T18:35:07.660Z,xhr,,,,,http://localhost:5000/socket.io/?EIO=4&transport=polling&t=esq8srzt&sid=vuvbasgt0hd4x4kLAAAB,GET,200
2025-03-31T18:35:07.659Z,xhr,,,,,http://localhost:5000/socket.io/?EIO=4&transport=polling&t=esq8srzt&sid=vuvbasgt0hd4x4kLAAAB,GET,200
2025-03-31T18:35:07.660Z,xhr,,,,,http://localhost:5000/socket.io/?EIO=4&transport=polling&t=esq8srzt&sid=vuvbasgt0hd4x4kLAAAB,GET,200
2025-03-31T18:35:07.660Z,xhr,,,,,http://localhost:5000/socket.io/?EIO=4&transport=polling&t=esq8srzt&sid=vuvbasgt0hd4x4kLAAAB,GET,200
2025-03-31T18:35:07.661Z,xhr,,,,,http://localhost:5000/socket.io/?EIO=4&transport=polling&t=esq8srzt&sid=vuvbasgt0hd4x4kLAAAB,GET,200
2025-03-31T18:35:07.661Z,xhr,,,,,http://localhost:5000/socket.io/?EIO=4&transport=polling&t=esq8srzt&sid=vuvbasgt0hd4x4kLAAAB,GET,200
2025-03-31T18:35:07.660Z,xhr,,,,,http://localhost:5000/socket.io/?EIO=4&transport=polling&t=esq8srzt&sid=vuvbasgt0hd4x4kLAAAB,GET,200
2025-03-31T18:35:07.661Z,xhr,,,,,http://localhost:5000/socket.io/?EIO=4&transport=polling&t=esq8srzt&sid=vuvbasgt0hd4x4kLAAAB,GET,200
2025-03-31T18:35:07.661Z,xhr,,,,,http://localhost:5000/socket.io/?EIO=4&transport=polling&t=esq8srzt&sid=vuvbasgt0hd4x4kLAAAB,GET,200
2025-03-31T18:35:07.661Z,xhr,,,,,http://localhost:5000/socket.io/?EIO=4&transport=polling&t=esq8srzt&sid=vuvbasgt0hd4x4kLAAAB,GET,200
2025-03-31T18:35:07.662Z,xhr,,,,,http://localhost:5000/socket.io/?EIO=4&transport=polling&t=esq8srzt&sid=vuvbasgt0hd4x4kLAAAB,GET,200
2025-03-31T18:35:07.663Z,xhr,,,,,http://localhost:5000/socket.io/?EIO=4&transport=polling&t=esq8srzt&sid=vuvbasgt0hd4x4kLAAAB,GET,200
2025-03-31T18:35:07.664Z,xhr,,,,,http://localhost:5000/socket.io/?EIO=4&transport=polling&t=esq8srzt&sid=vuvbasgt0hd4x4kLAAAB,GET,200
2025-03-31T18:35:07.669Z,xhr,,,,,http://localhost:5000/socket.io/?EIO=4&transport=polling&t=esp8phg0,GET,200
2025-03-31T18:35:07.664Z,xhr,,,,,http://localhost:5000/socket.io/?EIO=4&transport=polling&t=esq8srzt&sid=vuvbasgt0hd4x4kLAAAB,GET,200
2025-03-31T18:35:07.663Z,xhr,,,,,http://localhost:5000/socket.io/?EIO=4&transport=polling&t=esq8srzt&sid=vuvbasgt0hd4x4kLAAAB,GET,200
2025-03-31T18:35:07.669Z,xhr,,,,,http://localhost:5000/socket.io/?EIO=4&transport=polling&t=esp8phg0,GET,200
2025-03-31T18:35:07.670Z,xhr,,,,,http://localhost:5000/socket.io/?EIO=4&transport=polling&t=esp8phg0,GET,200
2025-03-31T18:35:07.670Z,xhr,,,,,http://localhost:5000/socket.io/?EIO=4&transport=polling&t=esp8phg0,GET,200
2025-03-31T18:35:07.671Z,xhr,,,,,http://localhost:5000/socket.io/?EIO=4&transport=polling&t=esp8phg0,GET,200
2025-03-31T18:35:07.670Z,xhr,,,,,http://localhost:5000/socket.io/?EIO=4&transport=polling&t=esp8phg0,GET,200
2025-03-31T18:35:07.671Z,xhr,,,,,http://localhost:5000/socket.io/?EIO=4&transport=polling&t=esp8phg0,GET,200
2025-03-31T18:35:07.672Z,xhr,,,,,http://localhost:5000/socket.io/?EIO=4&transport=polling&t=esp8phg0,GET,200
2025-03-31T18:35:07.671Z,xhr,,,,,http://localhost:5000/socket.io/?EIO=4&transport=polling&t=esp8phg0,GET,200
2025-03-31T18:35:07.671Z,xhr,,,,,http://localhost:5000/socket.io/?EIO=4&transport=polling&t=esp8phg0,GET,200
2025-03-31T18:35:07.672Z,xhr,,,,,http://localhost:5000/socket.io/?EIO=4&transport=polling&t=esp8phg0,GET,200
2025-03-31T18:35:07.673Z,xhr,,,,,http://localhost:5000/socket.io/?EIO=4&transport=polling&t=esp8phg0,GET,200
2025-03-31T18:35:07.674Z,xhr,,,,,http://localhost:5000/socket.io/?EIO=4&transport=polling&t=esp8phg0,GET,200
2025-03-31T18:35:07.673Z,xhr,,,,,http://localhost:5000/socket.io/?EIO=4&transport=polling&t=esp8phg0,GET,200
2025-03-31T18:35:07.675Z,xhr,,,,,http://localhost:5000/socket.io/?EIO=4&transport=polling&t=esq8hbbd&sid=TETkh_GSJOwoYIcuAAAA,POST,200
2025-03-31T18:35:07.675Z,xhr,,,,,http://localhost:5000/socket.io/?EIO=4&transport=polling&t=esq8hbbd&sid=TETkh_GSJOwoYIcuAAAA,POST,200
2025-03-31T18:35:07.674Z,xhr,,,,,http://localhost:5000/socket.io/?EIO=4&transport=polling&t=esq8hbbd&sid=TETkh_GSJOwoYIcuAAAA,POST,200
2025-03-31T18:35:07.675Z,xhr,,,,,http://localhost:5000/socket.io/?EIO=4&transport=polling&t=esq8hbbd&sid=TETkh_GSJOwoYIcuAAAA,POST,200
2025-03-31T18:35:07.676Z,xhr,,,,,http://localhost:5000/socket.io/?EIO=4&transport=polling&t=esq8hbbd&sid=TETkh_GSJOwoYIcuAAAA,POST,200
2025-03-31T18:35:07.676Z,xhr,,,,,http://localhost:5000/socket.io/?EIO=4&transport=polling&t=esq8hbbd&sid=TETkh_GSJOwoYIcuAAAA,POST,200
2025-03-31T18:35:07.676Z,xhr,,,,,http://localhost:5000/socket.io/?EIO=4&transport=polling&t=esq8hbbd&sid=TETkh_GSJOwoYIcuAAAA,POST,200
2025-03-31T18:35:07.677Z,xhr,,,,,http://localhost:5000/socket.io/?EIO=4&transport=polling&t=esq8hbbd&sid=TETkh_GSJOwoYIcuAAAA,POST,200
2025-03-31T18:35:07.677Z,xhr,,,,,http://localhost:5000/socket.io/?EIO=4&transport=polling&t=esq8hbbd&sid=TETkh_GSJOwoYIcuAAAA,POST,200
2025-03-31T18:35:07.676Z,xhr,,,,,http://localhost:5000/socket.io/?EIO=4&transport=polling&t=esq8hbbd&sid=TETkh_GSJOwoYIcuAAAA,POST,200
2025-03-31T18:35:07.677Z,xhr,,,,,http://localhost:5000/socket.io/?EIO=4&transport=polling&t=esq8hbbd&sid=TETkh_GSJOwoYIcuAAAA,POST,200
2025-03-31T18:35:07.677Z,xhr,,,,,http://localhost:5000/socket.io/?EIO=4&transport=polling&t=esq8hbbd&sid=TETkh_GSJOwoYIcuAAAA,POST,200
2025-03-31T18:35:07.678Z,xhr,,,,,http://localhost:5000/socket.io/?EIO=4&transport=polling&t=esq8hbbd&sid=TETkh_GSJOwoYIcuAAAA,POST,200
2025-03-31T18:35:07.677Z,xhr,,,,,http://localhost:5000/socket.io/?EIO=4&transport=polling&t=esq8hbbd&sid=TETkh_GSJOwoYIcuAAAA,POST,200
2025-03-31T18:35:07.677Z,xhr,,,,,http://localhost:5000/socket.io/?EIO=4&transport=polling&t=esq8hbbd&sid=TETkh_GSJOwoYIcuAAAA,POST,200
2025-03-31T18:35:07.678Z,xhr,,,,,http://localhost:5000/socket.io/?EIO=4&transport=polling&t=esq8jenr&sid=TETkh_GSJOwoYIcuAAAA,GET,200
2025-03-31T18:35:07.678Z,xhr,,,,,http://localhost:5000/socket.io/?EIO=4&transport=polling&t=esq8jenr&sid=TETkh_GSJOwoYIcuAAAA,GET,200
2025-03-31T18:35:07.678Z,xhr,,,,,http://localhost:5000/socket.io/?EIO=4&transport=polling&t=esq8jenr&sid=TETkh_GSJOwoYIcuAAAA,GET,200
2025-03-31T18:35:07.679Z,xhr,,,,,http://localhost:5000/socket.io/?EIO=4&transport=polling&t=esq8jenr&sid=TETkh_GSJOwoYIcuAAAA,GET,200
2025-03-31T18:35:07.679Z,xhr,,,,,http://localhost:5000/socket.io/?EIO=4&transport=polling&t=esq8jenr&sid=TETkh_GSJOwoYIcuAAAA,GET,200
2025-03-31T18:35:07.678Z,xhr,,,,,http://localhost:5000/socket.io/?EIO=4&transport=polling&t=esq8jenr&sid=TETkh_GSJOwoYIcuAAAA,GET,200
2025-03-31T18:35:07.680Z,xhr,,,,,http://localhost:5000/socket.io/?EIO=4&transport=polling&t=esq8jenr&sid=TETkh_GSJOwoYIcuAAAA,GET,200
2025-03-31T18:35:07.679Z,xhr,,,,,http://localhost:5000/socket.io/?EIO=4&transport=polling&t=esq8jenr&sid=TETkh_GSJOwoYIcuAAAA,GET,200
2025-03-31T18:35:07.681Z,xhr,,,,,http://localhost:5000/socket.io/?EIO=4&transport=polling&t=esq8jenr&sid=TETkh_GSJOwoYIcuAAAA,GET,200
2025-03-31T18:35:07.680Z,xhr,,,,,http://localhost:5000/socket.io/?EIO=4&transport=polling&t=esq8jenr&sid=TETkh_GSJOwoYIcuAAAA,GET,200
2025-03-31T18:35:07.681Z,xhr,,,,,http://localhost:5000/socket.io/?EIO=4&transport=polling&t=esq8jenr&sid=TETkh_GSJOwoYIcuAAAA,GET,200
2025-03-31T18:35:07.682Z,xhr,,,,,http://localhost:5000/socket.io/?EIO=4&transport=polling&t=esq8jenr&sid=TETkh_GSJOwoYIcuAAAA,GET,200
2025-03-31T18:35:07.682Z,xhr,,,,,http://localhost:5000/socket.io/?EIO=4&transport=polling&t=esq8jenr&sid=TETkh_GSJOwoYIcuAAAA,GET,200
2025-03-31T18:35:07.681Z,xhr,,,,,http://localhost:5000/socket.io/?EIO=4&transport=polling&t=esq8jenr&sid=TETkh_GSJOwoYIcuAAAA,GET,200
2025-03-31T18:35:07.682Z,xhr,,,,,http://localhost:5000/socket.io/?EIO=4&transport=polling&t=esq8urw9&sid=TETkh_GSJOwoYIcuAAAA,POST,200
2025-03-31T18:35:07.683Z,xhr,,,,,http://localhost:5000/socket.io/?EIO=4&transport=polling&t=esq8urw9&sid=TETkh_GSJOwoYIcuAAAA,POST,200
2025-03-31T18:35:07.683Z,xhr,,,,,http://localhost:5000/socket.io/?EIO=4&transport=polling&t=esq8urw9&sid=TETkh_GSJOwoYIcuAAAA,POST,200
2025-03-31T18:35:07.682Z,xhr,,,,,http://localhost:5000/socket.io/?EIO=4&transport=polling&t=esq8jenr&sid=TETkh_GSJOwoYIcuAAAA,GET,200
2025-03-31T18:35:07.683Z,xhr,,,,,http://localhost:5000/socket.io/?EIO=4&transport=polling&t=esq8urw9&sid=TETkh_GSJOwoYIcuAAAA,POST,200
2025-03-31T18:35:07.683Z,xhr,,,,,http://localhost:5000/socket.io/?EIO=4&transport=polling&t=esq8urw9&sid=TETkh_GSJOwoYIcuAAAA,POST,200
2025-03-31T18:35:07.684Z,xhr,,,,,http://localhost:5000/socket.io/?EIO=4&transport=polling&t=esq8urw9&sid=TETkh_GSJOwoYIcuAAAA,POST,200
2025-03-31T18:35:07.685Z,xhr,,,,,http://localhost:5000/socket.io/?EIO=4&transport=polling&t=esq8urw9&sid=TETkh_GSJOwoYIcuAAAA,POST,200
2025-03-31T18:35:07.684Z,xhr,,,,,http://localhost:5000/socket.io/?EIO=4&transport=polling&t=esq8urw9&sid=TETkh_GSJOwoYIcuAAAA,POST,200
2025-03-31T18:35:07.685Z,xhr,,,,,http://localhost:5000/socket.io/?EIO=4&transport=polling&t=esq8urw9&sid=TETkh_GSJOwoYIcuAAAA,POST,200
2025-03-31T18:35:07.684Z,xhr,,,,,http://localhost:5000/socket.io/?EIO=4&transport=polling&t=esq8urw9&sid=TETkh_GSJOwoYIcuAAAA,POST,200
2025-03-31T18:35:07.686Z,xhr,,,,,http://localhost:5000/socket.io/?EIO=4&transport=polling&t=esq8urw9&sid=TETkh_GSJOwoYIcuAAAA,POST,200
2025-03-31T18:35:07.686Z,xhr,,,,,http://localhost:5000/socket.io/?EIO=4&transport=polling&t=esq8urw9&sid=TETkh_GSJOwoYIcuAAAA,POST,200
2025-03-31T18:35:07.686Z,xhr,,,,,http://localhost:5000/socket.io/?EIO=4&transport=polling&t=esq8urw9&sid=TETkh_GSJOwoYIcuAAAA,POST,200
2025-03-31T18:35:07.687Z,xhr,,,,,http://localhost:5000/socket.io/?EIO=4&transport=polling&t=esq8urw9&sid=TETkh_GSJOwoYIcuAAAA,POST,200
2025-03-31T18:35:07.687Z,xhr,,,,,http://localhost:5000/socket.io/?EIO=4&transport=polling&t=esq8uphq&sid=TETkh_GSJOwoYIcuAAAA,GET,200
2025-03-31T18:35:07.687Z,xhr,,,,,http://localhost:5000/socket.io/?EIO=4&transport=polling&t=esq8urw9&sid=TETkh_GSJOwoYIcuAAAA,POST,200
2025-03-31T18:35:07.687Z,xhr,,,,,http://localhost:5000/socket.io/?EIO=4&transport=polling&t=esq8uphq&sid=TETkh_GSJOwoYIcuAAAA,GET,200
2025-03-31T18:35:07.688Z,xhr,,,,,http://localhost:5000/socket.io/?EIO=4&transport=polling&t=esq8uphq&sid=TETkh_GSJOwoYIcuAAAA,GET,200
2025-03-31T18:35:07.688Z,xhr,,,,,http://localhost:5000/socket.io/?EIO=4&transport=polling&t=esq8uphq&sid=TETkh_GSJOwoYIcuAAAA,GET,200
2025-03-31T18:35:07.688Z,xhr,,,,,http://localhost:5000/socket.io/?EIO=4&transport=polling&t=esq8uphq&sid=TETkh_GSJOwoYIcuAAAA,GET,200
2025-03-31T18:35:07.687Z,xhr,,,,,http://localhost:5000/socket.io/?EIO=4&transport=polling&t=esq8uphq&sid=TETkh_GSJOwoYIcuAAAA,GET,200
2025-03-31T18:35:07.688Z,xhr,,,,,http://localhost:5000/socket.io/?EIO=4&transport=polling&t=esq8uphq&sid=TETkh_GSJOwoYIcuAAAA,GET,200
2025-03-31T18:35:07.689Z,xhr,,,,,http://localhost:5000/socket.io/?EIO=4&transport=polling&t=esq8uphq&sid=TETkh_GSJOwoYIcuAAAA,GET,200
2025-03-31T18:35:07.689Z,xhr,,,,,http://localhost:5000/socket.io/?EIO=4&transport=polling&t=esq8uphq&sid=TETkh_GSJOwoYIcuAAAA,GET,200
2025-03-31T18:35:07.690Z,xhr,,,,,http://localhost:5000/socket.io/?EIO=4&transport=polling&t=esq8uphq&sid=TETkh_GSJOwoYIcuAAAA,GET,200
2025-03-31T18:35:07.688Z,xhr,,,,,http://localhost:5000/socket.io/?EIO=4&transport=polling&t=esq8uphq&sid=TETkh_GSJOwoYIcuAAAA,GET,200
2025-03-31T18:35:07.690Z,xhr,,,,,http://localhost:5000/socket.io/?EIO=4&transport=polling&t=esq8uphq&sid=TETkh_GSJOwoYIcuAAAA,GET,200
2025-03-31T18:35:07.691Z,xhr,,,,,http://localhost:5000/socket.io/?EIO=4&transport=polling&t=esq8uphq&sid=TETkh_GSJOwoYIcuAAAA,GET,200
2025-03-31T18:35:07.691Z,xhr,,,,,http://localhost:5000/socket.io/?EIO=4&transport=polling&t=esq8uphq&sid=TETkh_GSJOwoYIcuAAAA,GET,200
2025-03-31T18:35:07.691Z,xhr,,,,,http://localhost:5000/socket.io/?EIO=4&transport=polling&t=esq8uphq&sid=TETkh_GSJOwoYIcuAAAA,GET,200
2025-03-31T18:35:07.693Z,xhr,,,,,http://localhost:5000/socket.io/?EIO=4&transport=polling&t=esq93480&sid=vuvbasgt0hd4x4kLAAAB,POST,200
2025-03-31T18:35:07.694Z,xhr,,,,,http://localhost:5000/socket.io/?EIO=4&transport=polling&t=esq93480&sid=vuvbasgt0hd4x4kLAAAB,POST,200
2025-03-31T18:35:07.694Z,xhr,,,,,http://localhost:5000/socket.io/?EIO=4&transport=polling&t=esq93480&sid=vuvbasgt0hd4x4kLAAAB,POST,200
2025-03-31T18:35:07.695Z,xhr,,,,,http://localhost:5000/socket.io/?EIO=4&transport=polling&t=esq93480&sid=vuvbasgt0hd4x4kLAAAB,POST,200
2025-03-31T18:35:07.694Z,xhr,,,,,http://localhost:5000/socket.io/?EIO=4&transport=polling&t=esq93480&sid=vuvbasgt0hd4x4kLAAAB,POST,200
2025-03-31T18:35:07.695Z,xhr,,,,,http://localhost:5000/socket.io/?EIO=4&transport=polling&t=esq93480&sid=vuvbasgt0hd4x4kLAAAB,POST,200
2025-03-31T18:35:07.695Z,xhr,,,,,http://localhost:5000/socket.io/?EIO=4&transport=polling&t=esq93480&sid=vuvbasgt0hd4x4kLAAAB,POST,200
2025-03-31T18:35:07.696Z,xhr,,,,,http://localhost:5000/socket.io/?EIO=4&transport=polling&t=esq93480&sid=vuvbasgt0hd4x4kLAAAB,POST,200
2025-03-31T18:35:07.696Z,xhr,,,,,http://localhost:5000/socket.io/?EIO=4&transport=polling&t=esq93480&sid=vuvbasgt0hd4x4kLAAAB,POST,200
2025-03-31T18:35:07.696Z,xhr,,,,,http://localhost:5000/socket.io/?EIO=4&transport=polling&t=esq93480&sid=vuvbasgt0hd4x4kLAAAB,POST,200
2025-03-31T18:35:07.697Z,xhr,,,,,http://localhost:5000/socket.io/?EIO=4&transport=polling&t=esq93480&sid=vuvbasgt0hd4x4kLAAAB,POST,200
2025-03-31T18:35:07.697Z,xhr,,,,,http://localhost:5000/socket.io/?EIO=4&transport=polling&t=esq93480&sid=vuvbasgt0hd4x4kLAAAB,POST,200
2025-03-31T18:35:07.697Z,xhr,,,,,http://localhost:5000/socket.io/?EIO=4&transport=polling&t=esq93480&sid=vuvbasgt0hd4x4kLAAAB,POST,200
2025-03-31T18:35:07.697Z,xhr,,,,,http://localhost:5000/socket.io/?EIO=4&transport=polling&t=esq93480&sid=vuvbasgt0hd4x4kLAAAB,POST,200
2025-03-31T18:35:07.698Z,xhr,,,,,http://localhost:5000/socket.io/?EIO=4&transport=polling&t=esq93480&sid=vuvbasgt0hd4x4kLAAAB,POST,200
2025-03-31T18:35:07.698Z,xhr,,,,,http://localhost:5000/socket.io/?EIO=4&transport=polling&t=esq93480&sid=vuvbasgt0hd4x4kLAAAB,POST,200
2025-03-31T18:35:07.699Z,xhr,,,,,http://localhost:5000/socket.io/?EIO=4&transport=polling&t=esq93480&sid=vuvbasgt0hd4x4kLAAAB,POST,200
2025-03-31T18:35:07.699Z,xhr,,,,,http://localhost:5000/socket.io/?EIO=4&transport=polling&t=esq93480&sid=vuvbasgt0hd4x4kLAAAB,POST,200
2025-03-31T18:35:07.698Z,xhr,,,,,http://localhost:5000/socket.io/?EIO=4&transport=polling&t=esq93480&sid=vuvbasgt0hd4x4kLAAAB,POST,200
2025-03-31T18:35:07.699Z,xhr,,,,,http://localhost:5000/socket.io/?EIO=4&transport=polling&t=esq93480&sid=vuvbasgt0hd4x4kLAAAB,POST,200
2025-03-31T18:35:07.700Z,xhr,,,,,http://localhost:5000/socket.io/?EIO=4&transport=polling&t=esq92ylu&sid=vuvbasgt0hd4x4kLAAAB,GET,200
2025-03-31T18:35:07.700Z,xhr,,,,,http://localhost:5000/socket.io/?EIO=4&transport=polling&t=esq93480&sid=vuvbasgt0hd4x4kLAAAB,POST,200
2025-03-31T18:35:07.698Z,xhr,,,,,http://localhost:5000/socket.io/?EIO=4&transport=polling&t=esq93480&sid=vuvbasgt0hd4x4kLAAAB,POST,200
2025-03-31T18:35:07.700Z,xhr,,,,,http://localhost:5000/socket.io/?EIO=4&transport=polling&t=esq92ylu&sid=vuvbasgt0hd4x4kLAAAB,GET,200
2025-03-31T18:35:07.701Z,xhr,,,,,http://localhost:5000/socket.io/?EIO=4&transport=polling&t=esq92ylu&sid=vuvbasgt0hd4x4kLAAAB,GET,200
2025-03-31T18:35:07.701Z,xhr,,,,,http://localhost:5000/socket.io/?EIO=4&transport=polling&t=esq92ylu&sid=vuvbasgt0hd4x4kLAAAB,GET,200
2025-03-31T18:35:07.701Z,xhr,,,,,http://localhost:5000/socket.io/?EIO=4&transport=polling&t=esq92ylu&sid=vuvbasgt0hd4x4kLAAAB,GET,200
2025-03-31T18:35:07.702Z,xhr,,,,,http://localhost:5000/socket.io/?EIO=4&transport=polling&t=esq92ylu&sid=vuvbasgt0hd4x4kLAAAB,GET,200
2025-03-31T18:35:07.699Z,xhr,,,,,http://localhost:5000/socket.io/?EIO=4&transport=polling&t=esq93480&sid=vuvbasgt0hd4x4kLAAAB,POST,200
2025-03-31T18:35:07.702Z,xhr,,,,,http://localhost:5000/socket.io/?EIO=4&transport=polling&t=esq92ylu&sid=vuvbasgt0hd4x4kLAAAB,GET,200
2025-03-31T18:35:07.702Z,xhr,,,,,http://localhost:5000/socket.io/?EIO=4&transport=polling&t=esq92ylu&sid=vuvbasgt0hd4x4kLAAAB,GET,200
2025-03-31T18:35:07.702Z,xhr,,,,,http://localhost:5000/socket.io/?EIO=4&transport=polling&t=esq92ylu&sid=vuvbasgt0hd4x4kLAAAB,GET,200
2025-03-31T18:35:07.702Z,xhr,,,,,http://localhost:5000/socket.io/?EIO=4&transport=polling&t=esq92ylu&sid=vuvbasgt0hd4x4kLAAAB,GET,200
2025-03-31T18:35:07.703Z,xhr,,,,,http://localhost:5000/socket.io/?EIO=4&transport=polling&t=esq92ylu&sid=vuvbasgt0hd4x4kLAAAB,GET,200
2025-03-31T18:35:07.703Z,xhr,,,,,http://localhost:5000/socket.io/?EIO=4&transport=polling&t=esq92ylu&sid=vuvbasgt0hd4x4kLAAAB,GET,200
2025-03-31T18:35:07.703Z,xhr,,,,,http://localhost:5000/socket.io/?EIO=4&transport=polling&t=esq92ylu&sid=vuvbasgt0hd4x4kLAAAB,GET,200
2025-03-31T18:35:07.703Z,xhr,,,,,http://localhost:5000/socket.io/?EIO=4&transport=polling&t=esq92ylu&sid=vuvbasgt0hd4x4kLAAAB,GET,200
2025-03-31T18:35:07.703Z,xhr,,,,,http://localhost:5000/socket.io/?EIO=4&transport=polling&t=esq92ylu&sid=vuvbasgt0hd4x4kLAAAB,GET,200
2025-03-31T18:35:07.704Z,xhr,,,,,http://localhost:5000/socket.io/?EIO=4&transport=polling&t=esq92ylu&sid=vuvbasgt0hd4x4kLAAAB,GET,200
2025-03-31T18:35:07.704Z,xhr,,,,,http://localhost:5000/socket.io/?EIO=4&transport=polling&t=esq92ylu&sid=vuvbasgt0hd4x4kLAAAB,GET,200
2025-03-31T18:35:07.704Z,xhr,,,,,http://localhost:5000/socket.io/?EIO=4&transport=polling&t=esq92ylu&sid=vuvbasgt0hd4x4kLAAAB,GET,200
2025-03-31T18:35:07.704Z,xhr,,,,,http://localhost:5000/socket.io/?EIO=4&transport=polling&t=esq92ylu&sid=vuvbasgt0hd4x4kLAAAB,GET,200
2025-03-31T18:35:07.705Z,xhr,,,,,http://localhost:5000/socket.io/?EIO=4&transport=polling&t=esq92ylu&sid=vuvbasgt0hd4x4kLAAAB,GET,200
2025-03-31T18:35:07.705Z,xhr,,,,,http://localhost:5000/socket.io/?EIO=4&transport=polling&t=esq92ylu&sid=vuvbasgt0hd4x4kLAAAB,GET,200
2025-03-31T18:35:07.705Z,xhr,,,,,http://localhost:5000/socket.io/?EIO=4&transport=polling&t=esq92ylu&sid=vuvbasgt0hd4x4kLAAAB,GET,200
2025-03-31T18:35:07.706Z,xhr,,,,,http://localhost:5000/socket.io/?EIO=4&transport=polling&t=esq92ylu&sid=vuvbasgt0hd4x4kLAAAB,GET,200
2025-03-31T18:35:07.793Z,xhr,,,,,http://localhost:5000/socket.io/?EIO=4&transport=polling&t=esq9bj3h&sid=vuvbasgt0hd4x4kLAAAB,POST,200
2025-03-31T18:35:07.793Z,xhr,,,,,http://localhost:5000/socket.io/?EIO=4&transport=polling&t=esq9bj3h&sid=vuvbasgt0hd4x4kLAAAB,POST,200
2025-03-31T18:35:07.794Z,xhr,,,,,http://localhost:5000/socket.io/?EIO=4&transport=polling&t=esq9bj3h&sid=vuvbasgt0hd4x4kLAAAB,POST,200
2025-03-31T18:35:07.794Z,xhr,,,,,http://localhost:5000/socket.io/?EIO=4&transport=polling&t=esq9bj3h&sid=vuvbasgt0hd4x4kLAAAB,POST,200
2025-03-31T18:35:07.794Z,xhr,,,,,http://localhost:5000/socket.io/?EIO=4&transport=polling&t=esq9bj3h&sid=vuvbasgt0hd4x4kLAAAB,POST,200
2025-03-31T18:35:07.795Z,xhr,,,,,http://localhost:5000/socket.io/?EIO=4&transport=polling&t=esq9bj3h&sid=vuvbasgt0hd4x4kLAAAB,POST,200
2025-03-31T18:35:07.795Z,xhr,,,,,http://localhost:5000/socket.io/?EIO=4&transport=polling&t=esq9bj3h&sid=vuvbasgt0hd4x4kLAAAB,POST,200
2025-03-31T18:35:07.795Z,xhr,,,,,http://localhost:5000/socket.io/?EIO=4&transport=polling&t=esq9bj3h&sid=vuvbasgt0hd4x4kLAAAB,POST,200
2025-03-31T18:35:07.796Z,xhr,,,,,http://localhost:5000/socket.io/?EIO=4&transport=polling&t=esq9bj3h&sid=vuvbasgt0hd4x4kLAAAB,POST,200
2025-03-31T18:35:07.796Z,xhr,,,,,http://localhost:5000/socket.io/?EIO=4&transport=polling&t=esq9bj3h&sid=vuvbasgt0hd4x4kLAAAB,POST,200
2025-03-31T18:35:07.797Z,xhr,,,,,http://localhost:5000/socket.io/?EIO=4&transport=polling&t=esq9bj3h&sid=vuvbasgt0hd4x4kLAAAB,POST,200
2025-03-31T18:35:07.796Z,xhr,,,,,http://localhost:5000/socket.io/?EIO=4&transport=polling&t=esq9bj3h&sid=vuvbasgt0hd4x4kLAAAB,POST,200
2025-03-31T18:35:07.797Z,xhr,,,,,http://localhost:5000/socket.io/?EIO=4&transport=polling&t=esq9bj3h&sid=vuvbasgt0hd4x4kLAAAB,POST,200
2025-03-31T18:35:07.797Z,xhr,,,,,http://localhost:5000/socket.io/?EIO=4&transport=polling&t=esq9bj3h&sid=vuvbasgt0hd4x4kLAAAB,POST,200
2025-03-31T18:35:07.798Z,xhr,,,,,http://localhost:5000/socket.io/?EIO=4&transport=polling&t=esq9bj3h&sid=vuvbasgt0hd4x4kLAAAB,POST,200
2025-03-31T18:35:07.798Z,xhr,,,,,http://localhost:5000/socket.io/?EIO=4&transport=polling&t=esq9bj3h&sid=vuvbasgt0hd4x4kLAAAB,POST,200
2025-03-31T18:35:07.798Z,xhr,,,,,http://localhost:5000/socket.io/?EIO=4&transport=polling&t=esq9bj3h&sid=vuvbasgt0hd4x4kLAAAB,POST,200
2025-03-31T18:35:07.798Z,xhr,,,,,http://localhost:5000/socket.io/?EIO=4&transport=polling&t=esq9bj3h&sid=vuvbasgt0hd4x4kLAAAB,POST,200
2025-03-31T18:35:07.797Z,xhr,,,,,http://localhost:5000/socket.io/?EIO=4&transport=polling&t=esq9bj3h&sid=vuvbasgt0hd4x4kLAAAB,POST,200
2025-03-31T18:35:07.799Z,xhr,,,,,http://localhost:5000/socket.io/?EIO=4&transport=polling&t=esq9bj3h&sid=vuvbasgt0hd4x4kLAAAB,POST,200
2025-03-31T18:35:07.798Z,xhr,,,,,http://localhost:5000/socket.io/?EIO=4&transport=polling&t=esq9bj3h&sid=vuvbasgt0hd4x4kLAAAB,POST,200
2025-03-31T18:35:07.799Z,xhr,,,,,http://localhost:5000/socket.io/?EIO=4&transport=polling&t=esq9bj3h&sid=vuvbasgt0hd4x4kLAAAB,POST,200
2025-03-31T18:35:07.799Z,xhr,,,,,http://localhost:5000/socket.io/?EIO=4&transport=polling&t=esq9hu0h&sid=vuvbasgt0hd4x4kLAAAB,GET,200
2025-03-31T18:35:07.799Z,xhr,,,,,http://localhost:5000/socket.io/?EIO=4&transport=polling&t=esq9bj3h&sid=vuvbasgt0hd4x4kLAAAB,POST,200
2025-03-31T18:35:07.800Z,xhr,,,,,http://localhost:5000/socket.io/?EIO=4&transport=polling&t=esq9hu0h&sid=vuvbasgt0hd4x4kLAAAB,GET,200
2025-03-31T18:35:07.800Z,xhr,,,,,http://localhost:5000/socket.io/?EIO=4&transport=polling&t=esq9hu0h&sid=vuvbasgt0hd4x4kLAAAB,GET,200
2025-03-31T18:35:07.799Z,xhr,,,,,http://localhost:5000/socket.io/?EIO=4&transport=polling&t=esq9hu0h&sid=vuvbasgt0hd4x4kLAAAB,GET,200
2025-03-31T18:35:07.801Z,xhr,,,,,http://localhost:5000/socket.io/?EIO=4&transport=polling&t=esq9hu0h&sid=vuvbasgt0hd4x4kLAAAB,GET,200
2025-03-31T18:35:07.801Z,xhr,,,,,http://localhost:5000/socket.io/?EIO=4&transport=polling&t=esq9hu0h&sid=vuvbasgt0hd4x4kLAAAB,GET,200
2025-03-31T18:35:07.802Z,xhr,,,,,http://localhost:5000/socket.io/?EIO=4&transport=polling&t=esq9hu0h&sid=vuvbasgt0hd4x4kLAAAB,GET,200
2025-03-31T18:35:07.801Z,xhr,,,,,http://localhost:5000/socket.io/?EIO=4&transport=polling&t=esq9hu0h&sid=vuvbasgt0hd4x4kLAAAB,GET,200
2025-03-31T18:35:07.801Z,xhr,,,,,http://localhost:5000/socket.io/?EIO=4&transport=polling&t=esq9hu0h&sid=vuvbasgt0hd4x4kLAAAB,GET,200
2025-03-31T18:35:07.802Z,xhr,,,,,http://localhost:5000/socket.io/?EIO=4&transport=polling&t=esq9hu0h&sid=vuvbasgt0hd4x4kLAAAB,GET,200
2025-03-31T18:35:07.802Z,xhr,,,,,http://localhost:5000/socket.io/?EIO=4&transport=polling&t=esq9hu0h&sid=vuvbasgt0hd4x4kLAAAB,GET,200
2025-03-31T18:35:07.803Z,xhr,,,,,http://localhost:5000/socket.io/?EIO=4&transport=polling&t=esq9hu0h&sid=vuvbasgt0hd4x4kLAAAB,GET,200
2025-03-31T18:35:07.803Z,xhr,,,,,http://localhost:5000/socket.io/?EIO=4&transport=polling&t=esq9hu0h&sid=vuvbasgt0hd4x4kLAAAB,GET,200
2025-03-31T18:35:07.804Z,xhr,,,,,http://localhost:5000/socket.io/?EIO=4&transport=polling&t=esq9hu0h&sid=vuvbasgt0hd4x4kLAAAB,GET,200
2025-03-31T18:35:07.804Z,xhr,,,,,http://localhost:5000/socket.io/?EIO=4&transport=polling&t=esq9hu0h&sid=vuvbasgt0hd4x4kLAAAB,GET,200
2025-03-31T18:35:07.802Z,xhr,,,,,http://localhost:5000/socket.io/?EIO=4&transport=polling&t=esq9hu0h&sid=vuvbasgt0hd4x4kLAAAB,GET,200
2025-03-31T18:35:07.804Z,xhr,,,,,http://localhost:5000/socket.io/?EIO=4&transport=polling&t=esq9hu0h&sid=vuvbasgt0hd4x4kLAAAB,GET,200
2025-03-31T18:35:07.803Z,xhr,,,,,http://localhost:5000/socket.io/?EIO=4&transport=polling&t=esq9hu0h&sid=vuvbasgt0hd4x4kLAAAB,GET,200
2025-03-31T18:35:07.805Z,xhr,,,,,http://localhost:5000/socket.io/?EIO=4&transport=polling&t=esq9hu0h&sid=vuvbasgt0hd4x4kLAAAB,GET,200
2025-03-31T18:35:07.804Z,xhr,,,,,http://localhost:5000/socket.io/?EIO=4&transport=polling&t=esq9hu0h&sid=vuvbasgt0hd4x4kLAAAB,GET,200
2025-03-31T18:35:07.806Z,xhr,,,,,http://localhost:5000/socket.io/?EIO=4&transport=polling&t=esq9hu0h&sid=vuvbasgt0hd4x4kLAAAB,GET,200
2025-03-31T18:35:07.807Z,xhr,,,,,http://localhost:5000/socket.io/?EIO=4&transport=polling&t=esq9o6vf&sid=vuvbasgt0hd4x4kLAAAB,POST,200
2025-03-31T18:35:07.805Z,xhr,,,,,http://localhost:5000/socket.io/?EIO=4&transport=polling&t=esq9hu0h&sid=vuvbasgt0hd4x4kLAAAB,GET,200
2025-03-31T18:35:07.807Z,xhr,,,,,http://localhost:5000/socket.io/?EIO=4&transport=polling&t=esq9o6vf&sid=vuvbasgt0hd4x4kLAAAB,POST,200
2025-03-31T18:35:07.808Z,xhr,,,,,http://localhost:5000/socket.io/?EIO=4&transport=polling&t=esq9o6vf&sid=vuvbasgt0hd4x4kLAAAB,POST,200
2025-03-31T18:35:07.806Z,xhr,,,,,http://localhost:5000/socket.io/?EIO=4&transport=polling&t=esq9hu0h&sid=vuvbasgt0hd4x4kLAAAB,GET,200
2025-03-31T18:35:07.808Z,xhr,,,,,http://localhost:5000/socket.io/?EIO=4&transport=polling&t=esq9o6vf&sid=vuvbasgt0hd4x4kLAAAB,POST,200
2025-03-31T18:35:07.808Z,xhr,,,,,http://localhost:5000/socket.io/?EIO=4&transport=polling&t=esq9o6vf&sid=vuvbasgt0hd4x4kLAAAB,POST,200
2025-03-31T18:35:07.809Z,xhr,,,,,http://localhost:5000/socket.io/?EIO=4&transport=polling&t=esq9o6vf&sid=vuvbasgt0hd4x4kLAAAB,POST,200
2025-03-31T18:35:07.809Z,xhr,,,,,http://localhost:5000/socket.io/?EIO=4&transport=polling&t=esq9o6vf&sid=vuvbasgt0hd4x4kLAAAB,POST,200
2025-03-31T18:35:07.808Z,xhr,,,,,http://localhost:5000/socket.io/?EIO=4&transport=polling&t=esq9o6vf&sid=vuvbasgt0hd4x4kLAAAB,POST,200
2025-03-31T18:35:07.810Z,xhr,,,,,http://localhost:5000/socket.io/?EIO=4&transport=polling&t=esq9o6vf&sid=vuvbasgt0hd4x4kLAAAB,POST,200
2025-03-31T18:35:07.810Z,xhr,,,,,http://localhost:5000/socket.io/?EIO=4&transport=polling&t=esq9o6vf&sid=vuvbasgt0hd4x4kLAAAB,POST,200
2025-03-31T18:35:07.810Z,xhr,,,,,http://localhost:5000/socket.io/?EIO=4&transport=polling&t=esq9o6vf&sid=vuvbasgt0hd4x4kLAAAB,POST,200
2025-03-31T18:35:07.809Z,xhr,,,,,http://localhost:5000/socket.io/?EIO=4&transport=polling&t=esq9o6vf&sid=vuvbasgt0hd4x4kLAAAB,POST,200
2025-03-31T18:35:07.811Z,xhr,,,,,http://localhost:5000/socket.io/?EIO=4&transport=polling&t=esq9o6vf&sid=vuvbasgt0hd4x4kLAAAB,POST,200
2025-03-31T18:35:07.811Z,xhr,,,,,http://localhost:5000/socket.io/?EIO=4&transport=polling&t=esq9o6vf&sid=vuvbasgt0hd4x4kLAAAB,POST,200
2025-03-31T18:35:07.811Z,xhr,,,,,http://localhost:5000/socket.io/?EIO=4&transport=polling&t=esq9o6vf&sid=vuvbasgt0hd4x4kLAAAB,POST,200
2025-03-31T18:35:07.811Z,xhr,,,,,http://localhost:5000/socket.io/?EIO=4&transport=polling&t=esq9o6vf&sid=vuvbasgt0hd4x4kLAAAB,POST,200
2025-03-31T18:35:07.811Z,xhr,,,,,http://localhost:5000/socket.io/?EIO=4&transport=polling&t=esq9o6vf&sid=vuvbasgt0hd4x4kLAAAB,POST,200
2025-03-31T18:35:07.812Z,xhr,,,,,http://localhost:5000/socket.io/?EIO=4&transport=polling&t=esq9o6vf&sid=vuvbasgt0hd4x4kLAAAB,POST,200
2025-03-31T18:35:07.812Z,xhr,,,,,http://localhost:5000/socket.io/?EIO=4&transport=polling&t=esq9o6vf&sid=vuvbasgt0hd4x4kLAAAB,POST,200
2025-03-31T18:35:07.812Z,xhr,,,,,http://localhost:5000/socket.io/?EIO=4&transport=polling&t=esq9o6vf&sid=vuvbasgt0hd4x4kLAAAB,POST,200
2025-03-31T18:35:07.813Z,xhr,,,,,http://localhost:5000/socket.io/?EIO=4&transport=polling&t=esq9o6vf&sid=vuvbasgt0hd4x4kLAAAB,POST,200
2025-03-31T18:35:07.813Z,xhr,,,,,http://localhost:5000/socket.io/?EIO=4&transport=polling&t=esq9o6vf&sid=vuvbasgt0hd4x4kLAAAB,POST,200
2025-03-31T18:35:07.813Z,xhr,,,,,http://localhost:5000/socket.io/?EIO=4&transport=polling&t=esq9o6vf&sid=vuvbasgt0hd4x4kLAAAB,POST,200
2025-03-31T18:35:07.814Z,xhr,,,,,http://localhost:5000/socket.io/?EIO=4&transport=polling&t=esq9o6vf&sid=vuvbasgt0hd4x4kLAAAB,POST,200
2025-03-31T18:35:07.815Z,xhr,,,,,http://localhost:5000/socket.io/?EIO=4&transport=polling&t=esqabce2&sid=vuvbasgt0hd4x4kLAAAB,GET,200
2025-03-31T18:35:07.815Z,xhr,,,,,http://localhost:5000/socket.io/?EIO=4&transport=polling&t=esqabce2&sid=vuvbasgt0hd4x4kLAAAB,GET,200
2025-03-31T18:35:07.814Z,xhr,,,,,http://localhost:5000/socket.io/?EIO=4&transport=polling&t=esqabce2&sid=vuvbasgt0hd4x4kLAAAB,GET,200
2025-03-31T18:35:07.814Z,xhr,,,,,http://localhost:5000/socket.io/?EIO=4&transport=polling&t=esqabce2&sid=vuvbasgt0hd4x4kLAAAB,GET,200
2025-03-31T18:35:07.814Z,xhr,,,,,http://localhost:5000/socket.io/?EIO=4&transport=polling&t=esqabce2&sid=vuvbasgt0hd4x4kLAAAB,GET,200
2025-03-31T18:35:07.815Z,xhr,,,,,http://localhost:5000/socket.io/?EIO=4&transport=polling&t=esqabce2&sid=vuvbasgt0hd4x4kLAAAB,GET,200
2025-03-31T18:35:07.816Z,xhr,,,,,http://localhost:5000/socket.io/?EIO=4&transport=polling&t=esqabce2&sid=vuvbasgt0hd4x4kLAAAB,GET,200
2025-03-31T18:35:07.816Z,xhr,,,,,http://localhost:5000/socket.io/?EIO=4&transport=polling&t=esqabce2&sid=vuvbasgt0hd4x4kLAAAB,GET,200
2025-03-31T18:35:07.816Z,xhr,,,,,http://localhost:5000/socket.io/?EIO=4&transport=polling&t=esqabce2&sid=vuvbasgt0hd4x4kLAAAB,GET,200
2025-03-31T18:35:07.817Z,xhr,,,,,http://localhost:5000/socket.io/?EIO=4&transport=polling&t=esqabce2&sid=vuvbasgt0hd4x4kLAAAB,GET,200
2025-03-31T18:35:07.816Z,xhr,,,,,http://localhost:5000/socket.io/?EIO=4&transport=polling&t=esqabce2&sid=vuvbasgt0hd4x4kLAAAB,GET,200
2025-03-31T18:35:07.817Z,xhr,,,,,http://localhost:5000/socket.io/?EIO=4&transport=polling&t=esqabce2&sid=vuvbasgt0hd4x4kLAAAB,GET,200
2025-03-31T18:35:07.818Z,xhr,,,,,http://localhost:5000/socket.io/?EIO=4&transport=polling&t=esqabce2&sid=vuvbasgt0hd4x4kLAAAB,GET,200
2025-03-31T18:35:07.818Z,xhr,,,,,http://localhost:5000/socket.io/?EIO=4&transport=polling&t=esqabce2&sid=vuvbasgt0hd4x4kLAAAB,GET,200
2025-03-31T18:35:07.817Z,xhr,,,,,http://localhost:5000/socket.io/?EIO=4&transport=polling&t=esqabce2&sid=vuvbasgt0hd4x4kLAAAB,GET,200
2025-03-31T18:35:07.818Z,xhr,,,,,http://localhost:5000/socket.io/?EIO=4&transport=polling&t=esqabce2&sid=vuvbasgt0hd4x4kLAAAB,GET,200
2025-03-31T18:35:07.818Z,xhr,,,,,http://localhost:5000/socket.io/?EIO=4&transport=polling&t=esqabce2&sid=vuvbasgt0hd4x4kLAAAB,GET,200
2025-03-31T18:35:07.817Z,xhr,,,,,http://localhost:5000/socket.io/?EIO=4&transport=polling&t=esqabce2&sid=vuvbasgt0hd4x4kLAAAB,GET,200
2025-03-31T18:35:07.819Z,xhr,,,,,http://localhost:5000/socket.io/?EIO=4&transport=polling&t=esqabce2&sid=vuvbasgt0hd4x4kLAAAB,GET,200
2025-03-31T18:35:07.819Z,xhr,,,,,http://localhost:5000/socket.io/?EIO=4&transport=polling&t=esqabce2&sid=vuvbasgt0hd4x4kLAAAB,GET,200
2025-03-31T18:35:07.818Z,xhr,,,,,http://localhost:5000/socket.io/?EIO=4&transport=polling&t=esqabce2&sid=vuvbasgt0hd4x4kLAAAB,GET,200
2025-03-31T18:35:07.819Z,xhr,,,,,http://localhost:5000/socket.io/?EIO=4&transport=polling&t=esqabce2&sid=vuvbasgt0hd4x4kLAAAB,GET,200
2025-03-31T18:35:07.820Z,xhr,,,,,http://localhost:5000/socket.io/?EIO=4&transport=polling&t=esqabce2&sid=vuvbasgt0hd4x4kLAAAB,GET,200
2025-03-31T18:35:07.820Z,xhr,,,,,http://localhost:5000/socket.io/?EIO=4&transport=polling&t=esqabce2&sid=vuvbasgt0hd4x4kLAAAB,GET,200
